frame,time_s,pixel_x,pixel_y,world_x_mm,world_y_mm,straight_mm,cumulative_mm
0,0.000000,446.000,150.000,45.728,-129.751,0.000,0.000
1,0.033333,445.992,150.068,45.734,-129.693,0.058,0.058
2,0.066667,445.994,149.958,45.717,-129.787,0.038,0.154
3,0.100000,445.993,149.810,45.692,-129.915,0.168,0.284
4,0.133333,445.960,149.771,45.664,-129.950,0.209,0.329
5,0.166667,445.930,149.758,45.643,-129.963,0.229,0.354
6,0.200000,445.911,149.744,45.629,-129.976,0.246,0.373
7,0.233333,445.896,149.756,45.621,-129.967,0.241,0.385
8,0.266667,445.860,149.778,45.602,-129.950,0.236,0.411
9,0.300000,445.834,149.743,45.580,-129.982,0.275,0.450
10,0.333333,445.776,149.747,45.543,-129.982,0.296,0.487
11,0.366667,445.739,149.725,45.516,-130.003,0.330,0.521
12,0.400000,445.738,149.705,45.512,-130.020,0.345,0.538
13,0.433333,445.760,149.697,45.524,-130.026,0.343,0.552
14,0.466667,445.764,149.708,45.529,-130.017,0.332,0.563
15,0.500000,445.782,149.671,45.534,-130.047,0.354,0.594
16,0.533333,445.808,149.655,45.548,-130.059,0.357,0.612
17,0.566667,445.810,149.658,45.550,-130.056,0.353,0.615
18,0.600000,445.797,149.683,45.546,-130.036,0.338,0.636
19,0.633333,445.779,149.696,45.536,-130.026,0.335,0.650
20,0.666667,445.781,149.712,45.540,-130.012,0.321,0.664
21,0.700000,445.889,149.707,45.608,-130.010,0.285,0.733
22,0.733333,446.269,149.687,45.847,-130.004,0.280,0.971
23,0.766667,446.977,149.584,46.279,-130.050,0.627,1.406
24,0.800000,448.103,149.362,46.958,-130.172,1.300,2.096
25,0.833333,449.689,148.998,47.904,-130.390,2.268,3.066
26,0.866667,451.488,148.606,48.978,-130.618,3.364,4.164
27,0.900000,453.367,148.261,50.109,-130.800,4.505,5.310
28,0.933333,455.294,148.027,51.287,-130.884,5.673,6.490
29,0.966667,457.251,147.918,52.502,-130.859,6.865,7.706
30,1.000000,459.268,147.877,53.764,-130.772,8.101,8.971
31,1.033333,461.506,147.820,55.160,-130.686,9.478,10.370
32,1.066667,463.960,147.759,56.688,-130.590,10.992,11.900
33,1.100000,466.701,147.667,58.385,-130.504,12.680,13.600
34,1.133333,469.716,147.545,60.245,-130.427,14.533,15.461
35,1.166667,472.903,147.409,62.203,-130.352,16.487,17.421
36,1.200000,476.201,147.325,64.234,-130.227,18.512,19.455
37,1.233333,479.624,147.242,66.335,-130.094,20.610,21.561
38,1.266667,483.003,147.186,68.408,-129.940,22.681,23.640
39,1.300000,486.307,147.188,70.437,-129.743,24.709,25.678
40,1.333333,489.609,147.221,72.464,-129.520,26.737,27.718
41,1.366667,493.098,147.249,74.598,-129.291,28.874,29.864
42,1.400000,496.966,147.257,76.953,-129.057,31.232,32.230
43,1.433333,501.363,147.284,79.622,-128.778,33.908,34.914
44,1.466667,506.292,147.269,82.594,-128.504,36.887,37.899
45,1.500000,511.671,147.261,85.824,-128.199,40.126,41.143
46,1.533333,517.437,147.235,89.267,-127.888,43.578,44.599
47,1.566667,523.451,147.238,92.843,-127.541,47.167,48.192
48,1.600000,529.738,147.288,96.568,-127.142,50.907,51.939
49,1.633333,536.197,147.390,100.381,-126.692,54.739,55.779
50,1.666667,542.760,147.552,104.244,-126.189,58.624,59.674
51,1.700000,549.401,147.840,108.148,-125.581,62.560,63.625
52,1.733333,556.146,148.200,112.101,-124.912,66.549,67.634
53,1.766667,563.012,148.654,116.115,-124.164,70.608,71.717
54,1.800000,570.039,149.184,120.208,-123.350,74.754,75.890
55,1.833333,577.156,149.752,124.332,-122.505,78.938,80.100
56,1.866667,584.408,150.252,128.496,-121.714,83.158,84.339
57,1.900000,591.749,150.830,132.696,-120.859,87.421,88.625
58,1.933333,599.034,151.474,136.848,-119.960,91.645,92.873
59,1.966667,606.293,152.181,140.970,-119.018,95.845,97.101
60,2.000000,613.694,152.981,145.156,-118.000,100.120,101.410
61,2.033333,621.139,153.927,149.364,-116.870,104.433,105.766
62,2.066667,628.722,155.028,153.642,-115.618,108.836,110.224
63,2.100000,636.481,156.207,157.999,-114.304,113.329,114.775
64,2.133333,644.369,157.476,162.410,-112.921,117.890,119.398
65,2.166667,652.314,158.803,166.830,-111.499,122.470,124.041
66,2.200000,660.306,160.248,171.263,-109.992,127.080,128.723
67,2.233333,668.178,161.670,175.600,-108.519,131.596,133.303
68,2.266667,676.015,163.142,179.897,-107.018,136.081,137.855
69,2.300000,683.917,164.748,184.220,-105.421,140.613,142.463
70,2.333333,691.962,166.450,188.601,-103.754,145.219,147.151
71,2.366667,700.095,168.209,193.007,-102.050,149.861,151.874
72,2.400000,708.342,170.055,197.452,-100.286,154.559,156.657
73,2.433333,716.536,171.933,201.846,-98.513,159.213,161.395
74,2.466667,724.527,173.768,206.102,-96.792,163.726,165.986
75,2.500000,732.190,175.524,210.157,-95.155,168.030,170.359
76,2.533333,739.540,177.247,214.029,-93.565,172.147,174.544
77,2.566667,746.495,178.948,217.680,-92.016,176.044,178.511
78,2.600000,753.271,180.647,221.224,-90.485,179.835,182.371
79,2.633333,760.183,182.453,224.830,-88.876,183.707,186.320
80,2.666667,767.436,184.500,228.613,-87.084,187.796,190.506
81,2.700000,775.157,186.848,232.641,-85.062,192.181,195.012
82,2.733333,783.535,189.541,237.003,-82.775,196.959,199.938
83,2.766667,792.599,192.610,241.711,-80.202,202.150,205.304
84,2.800000,802.088,195.860,246.610,-77.501,207.566,210.897
85,2.833333,811.880,199.302,251.638,-74.671,213.149,216.667
86,2.866667,821.618,202.818,256.612,-71.810,218.699,222.405
87,2.900000,831.041,206.293,261.399,-69.010,224.061,227.951
88,2.933333,839.895,209.602,265.871,-66.365,229.086,233.146
89,2.966667,848.263,212.820,270.081,-63.818,233.840,238.067
90,3.000000,856.297,216.041,274.115,-61.293,238.426,242.826
91,3.033333,864.412,219.364,278.174,-58.708,243.060,247.638
92,3.066667,872.811,222.853,282.354,-56.015,247.849,252.611
93,3.100000,881.618,226.639,286.726,-53.118,252.889,257.856
94,3.133333,890.878,230.747,291.308,-50.004,258.204,263.396
95,3.166667,900.180,234.957,295.889,-46.838,263.543,268.964
96,3.200000,909.275,239.156,300.347,-43.707,268.765,274.412
97,3.233333,917.929,243.238,304.572,-40.686,273.739,279.606
98,3.266667,926.067,247.032,308.514,-37.895,278.377,284.435
99,3.300000,936.053,251.954,313.353,-34.308,284.134,290.459
100,3.333333,945.790,256.818,318.044,-30.791,289.740,296.322
101,3.366667,955.441,261.758,322.676,-27.248,295.308,302.154
102,3.400000,965.309,266.883,327.387,-23.601,300.997,308.111
103,3.433333,975.602,272.428,332.289,-19.689,306.971,314.383
104,3.466667,984.080,277.099,336.312,-16.418,311.904,319.569
105,3.500000,993.200,282.314,340.637,-12.792,317.255,325.212
106,3.533333,1002.814,287.916,345.177,-8.925,322.907,331.176
107,3.566667,1012.899,293.942,349.925,-4.796,328.861,337.468
108,3.600000,1023.283,300.280,354.794,-0.487,335.009,343.969
109,3.633333,1033.642,306.732,359.630,3.865,341.156,350.476
110,3.666667,1043.680,313.027,364.287,8.081,347.098,356.757
111,3.700000,1053.172,319.025,368.665,12.069,352.705,362.679
112,3.733333,1061.608,324.409,372.537,15.625,357.684,367.937
113,3.766667,1068.573,328.847,375.715,18.540,361.776,372.250
114,3.800000,1073.828,332.197,378.102,20.731,364.853,375.489
115,3.833333,1077.400,334.495,379.723,22.229,366.947,377.696
116,3.866667,1079.519,335.864,380.683,23.120,368.190,379.006
117,3.900000,1080.554,336.534,381.151,23.555,368.797,379.646
118,3.933333,1080.947,336.828,381.334,23.747,369.043,379.911
119,3.966667,1081.069,336.965,381.396,23.837,369.137,380.020
120,4.000000,1081.095,337.048,381.416,23.892,369.179,380.078
121,4.033333,1081.036,337.090,381.400,23.920,369.175,380.111
122,4.066667,1081.021,337.081,381.393,23.914,369.167,380.119
123,4.100000,1081.026,337.064,381.393,23.902,369.162,380.131
124,4.133333,1081.071,337.048,381.408,23.892,369.170,380.149
125,4.166667,1081.142,337.019,381.430,23.872,369.183,380.179
126,4.200000,1081.307,337.023,381.492,23.873,369.239,380.241
127,4.233333,1081.462,337.104,381.560,23.925,369.323,380.327
128,4.266667,1081.616,337.203,381.629,23.990,369.413,380.422
129,4.300000,1081.746,337.297,381.689,24.051,369.493,380.507
130,4.333333,1081.839,337.386,381.735,24.109,369.558,380.581
131,4.366667,1081.878,337.460,381.759,24.158,369.600,380.635
132,4.400000,1081.880,337.505,381.765,24.187,369.618,380.666
133,4.433333,1081.843,337.551,381.757,24.218,369.624,380.697
134,4.466667,1081.789,337.750,381.762,24.350,369.684,380.830
